Datetime,NO2,NO,NOx,Tc,P,Fc,Foz,PDVs,PDVg,Ts,Er,Mode
2025-01-07 11:03:10,3.7,-10.25,-6.6,9.9,954.95,1512.0,50.6,1.083529,0.108,110.4,0.0,80.0
2025-01-07 11:03:20,14.15,-13.85,0.29999999999999993,9.9,955.05,1578.0,50.75,1.0832025,0.108,110.05,0.0,80.0
2025-01-07 11:03:30,10.8,-11.9,-1.0999999999999999,9.9,955.25,1582.5,50.9,1.082915,0.108,109.9,0.0,80.0
2025-01-07 11:03:40,-1.1,-11.05,-12.2,9.9,954.95,1531.0,50.95,1.082648,0.1085,109.95,0.0,80.0
2025-01-07 11:03:50,-0.25,-13.0,-13.3,9.9,954.9000000000001,1586.5,50.75,1.0823955,0.109,110.05,0.0,80.0
2025-01-07 11:04:00,-1.3,-12.0,-13.2,9.95,954.9,1579.0,51.099999999999994,1.082101,0.109,110.25,0.0,80.0
2025-01-07 11:04:10,-5.050000000000001,-6.05,-11.1,9.9,954.95,1528.5,50.8,1.0817865,0.109,110.3,0.0,80.0
2025-01-07 11:04:20,-3.3,-3.85,-7.2,10.0,954.9,1573.5,50.849999999999994,1.081493,0.109,110.4,0.0,80.0
2025-01-07 11:04:30,2.05,-7.6,-5.6,10.0,954.8499999999999,1573.5,51.1,1.081147,0.109,110.3,0.0,80.0
2025-01-07 11:04:40,2.95,-4.8,-1.85,10.0,954.6500000000001,1539.5,51.099999999999994,1.0808155,0.109,110.3,0.0,80.0
2025-01-07 11:04:50,0.5,0.45,1.05,10.0,954.6500000000001,1584.5,50.85,1.0804475,0.11,110.2,0.0,80.0
2025-01-07 11:05:00,-1.3,0.45,-0.8500000000000001,10.0,954.7,1582.0,51.15,1.0800875,0.11,110.2,0.0,80.0
2025-01-07 11:05:10,-1.75,-3.85,-5.6,10.0,954.6,1542.5,51.05,1.0797145000000001,0.11,110.2,0.0,80.0
2025-01-07 11:05:20,-0.04999999999999999,-8.35,-8.45,10.0,954.6,1586.5,50.95,1.079352,0.11,110.25,0.0,80.0
2025-01-07 11:05:30,1.3,-9.899999999999999,-8.5,10.0,954.6500000000001,1580.5,51.05,1.0790375,0.11,110.3,0.0,80.0
2025-01-07 11:05:40,1.35,-7.95,-6.6,10.0,954.6,1541.0,51.05,1.0791515,0.11,110.3,0.0,80.0
2025-01-07 11:05:50,0.6,-7.65,-7.1,10.0,954.55,1586.5,51.2,1.079904,0.111,110.3,0.0,80.0
2025-01-07 11:06:00,1.3,-7.550000000000001,-6.300000000000001,10.0,954.4,1582.5,51.45,1.0811505000000001,0.111,110.3,0.0,80.0
2025-01-07 11:06:10,1.2,-6.050000000000001,-4.85,10.0,954.45,1548.0,51.400000000000006,1.0826,0.111,110.3,0.0,80.0
2025-01-07 11:06:20,1.0,-4.35,-3.35,10.0,954.45,1588.5,51.1,1.0839225,0.1145,110.3,0.0,80.0
2025-01-07 11:06:30,1.4,-3.8,-2.4,10.0,954.5,1585.5,51.2,1.085026,0.1145,110.3,0.0,80.0
2025-01-07 11:06:40,1.7,-3.05,-1.35,10.0,954.5,1543.0,51.099999999999994,1.0859275,0.113,110.3,0.0,80.0
2025-01-07 11:06:50,1.85,-2.4000000000000004,-0.55,10.05,954.55,1585.0,51.0,1.0865985,0.115,110.3,0.0,80.0
2025-01-07 11:07:00,2.1,-1.6,0.5,10.1,954.5,1582.5,51.0,1.0871135,0.115,110.3,0.0,80.0
2025-01-07 11:07:10,2.7,-1.5,1.2000000000000002,10.1,954.55,1543.5,50.95,1.087551,0.114,110.3,0.0,80.0
2025-01-07 11:07:20,2.95,-1.25,1.75,10.1,954.45,1588.0,50.95,1.0878800000000002,0.1155,110.3,0.0,80.0
2025-01-07 11:07:30,3.1,-0.9,2.1500000000000004,10.1,954.55,1583.0,51.25,1.0881175,0.1155,110.3,0.0,80.0
2025-01-07 11:07:40,3.3499999999999996,-0.9,2.3499999999999996,10.1,954.4,1547.5,51.6,1.0883485,0.114,110.3,0.0,80.0
2025-01-07 11:07:50,3.6,-1.0,2.6,10.1,954.4,1590.0,51.2,1.088524,0.1155,110.3,0.0,80.0
2025-01-07 11:08:00,4.2,-0.95,3.25,10.1,954.3499999999999,1586.0,51.45,1.0886395,0.1155,110.3,0.0,80.0
2025-01-07 11:08:10,5.0,-0.7,4.25,10.1,954.4,1548.0,51.3,1.088823,0.115,110.3,0.0,80.0
2025-01-07 11:08:20,5.3,0.09999999999999999,5.35,10.1,954.4,1591.0,51.0,1.0889375000000001,0.11649999999999999,110.3,0.0,80.0
2025-01-07 11:08:30,5.65,0.8500000000000001,6.5,10.1,954.3499999999999,1586.5,51.400000000000006,1.0890235000000001,0.11649999999999999,110.3,0.0,80.0
2025-01-07 11:08:40,6.05,1.2,7.3,10.1,954.45,1545.5,51.45,1.089132,0.115,110.3,0.0,80.0
2025-01-07 11:08:50,7.6,1.65,9.25,10.1,954.4,1589.5,51.25,1.089201,0.11649999999999999,110.3,0.0,80.0
2025-01-07 11:09:00,7.75,2.15,9.9,10.1,954.3,1585.5,51.5,1.08924,0.11649999999999999,110.3,0.0,80.0
2025-01-07 11:09:10,8.35,1.5499999999999998,9.899999999999999,10.1,954.4,1547.5,51.45,1.0893355,0.1155,110.3,0.0,80.0
2025-01-07 11:09:20,8.2,0.85,9.05,10.1,954.45,1585.5,51.1,1.0893655,0.11699999999999999,110.4,0.0,80.0
2025-01-07 11:09:30,8.75,1.05,9.7,10.149999999999999,954.3,1583.5,51.45,1.0893735,0.11699999999999999,110.3,0.0,80.0
2025-01-07 11:09:40,9.3,1.35,10.65,10.2,954.4,1545.0,51.150000000000006,1.0894705,0.116,110.3,0.0,80.0
2025-01-07 11:09:50,10.05,1.9500000000000002,11.95,10.2,954.3499999999999,1589.0,51.05,1.089492,0.1175,110.3,0.0,80.0
2025-01-07 11:10:00,10.8,2.4,13.2,10.2,954.3499999999999,1585.5,51.150000000000006,1.0895505,0.1175,110.3,0.0,80.0
2025-01-07 11:10:10,11.399999999999999,2.55,14.0,10.2,954.45,1547.0,51.25,1.089631,0.116,110.3,0.0,80.0
2025-01-07 11:10:20,12.15,2.5,14.65,10.2,954.3499999999999,1590.0,51.1,1.089696,0.1175,110.35,0.0,80.0
2025-01-07 11:10:30,13.100000000000001,2.6500000000000004,15.75,10.2,954.25,1585.5,51.4,1.089712,0.1175,110.35,0.0,80.0
2025-01-07 11:10:40,14.15,2.7,16.8,10.2,954.3,1549.0,51.3,1.0898555,0.1165,110.4,0.0,80.0
2025-01-07 11:10:50,14.95,2.9,17.85,10.2,954.4,1589.0,50.849999999999994,1.089926,0.1185,110.4,0.0,80.0
2025-01-07 11:11:00,15.149999999999999,3.1,18.25,10.2,954.25,1585.5,51.25,1.0899995,0.118,110.3,0.0,80.0
2025-01-07 11:11:10,15.2,3.05,18.2,10.2,954.25,1550.0,51.35,1.0901045,0.117,110.3,0.0,80.0
2025-01-07 11:11:20,15.55,2.55,18.1,10.2,954.25,1594.5,51.0,1.090193,0.1185,110.35,0.0,80.0
2025-01-07 11:11:30,16.1,2.25,18.35,10.2,954.2,1588.0,51.25,1.0902465,0.1185,110.35,0.0,80.0
2025-01-07 11:11:40,16.35,2.25,18.65,10.2,954.25,1548.5,51.15,1.0903749999999999,0.117,110.4,0.0,80.0
2025-01-07 11:11:50,16.200000000000003,2.4,18.55,10.3,954.25,1592.5,50.849999999999994,1.0904530000000001,0.1185,110.4,0.0,80.0
2025-01-07 11:12:00,15.850000000000001,2.3499999999999996,18.25,10.3,954.1500000000001,1587.0,51.25,1.090506,0.1185,110.35,0.0,80.0
2025-01-07 11:12:10,15.75,2.05,17.799999999999997,10.3,954.1500000000001,1550.0,51.25,1.0906075,0.117,110.35,0.0,80.0
2025-01-07 11:12:20,15.649999999999999,1.85,17.5,10.3,954.25,1587.5,50.849999999999994,1.0906660000000001,0.1185,110.4,0.0,80.0
2025-01-07 11:12:30,15.4,1.6,17.049999999999997,10.3,954.05,1586.0,51.35,1.0907209999999998,0.119,110.4,0.0,80.0
2025-01-07 11:12:40,15.1,1.25,16.4,10.3,954.1500000000001,1546.5,51.25,1.0908315000000002,0.1175,110.4,0.0,80.0
2025-01-07 11:12:50,14.75,0.75,15.45,10.3,954.1,1588.5,50.95,1.0908915000000001,0.1195,110.4,0.0,80.0
2025-01-07 11:13:00,14.100000000000001,0.1,14.25,10.3,954.1,1586.0,51.25,1.0909689999999999,0.119,110.35,0.0,80.0
2025-01-07 11:13:10,13.45,-0.2,13.35,10.3,954.1500000000001,1547.5,51.15,1.0910665,0.1175,110.4,0.0,80.0
2025-01-07 11:13:20,12.85,-0.05,12.75,10.3,954.1500000000001,1590.0,50.9,1.0911295,0.1195,110.4,0.0,80.0
2025-01-07 11:13:30,11.85,-0.1,11.7,10.3,954.1,1584.0,51.15,1.0911775000000001,0.1195,110.4,0.0,80.0
2025-01-07 11:13:40,10.85,-0.25,10.600000000000001,10.3,954.1500000000001,1549.5,51.15,1.091268,0.118,110.4,0.0,80.0
2025-01-07 11:13:50,10.3,-0.5,9.8,10.3,954.1500000000001,1586.0,50.8,1.0913195,0.1195,110.4,0.0,80.0
2025-01-07 11:14:00,9.95,-0.6,9.350000000000001,10.4,954.2,1582.5,51.15,1.0913555000000001,0.1195,110.4,0.0,80.0
2025-01-07 11:14:10,9.649999999999999,-0.25,9.4,10.4,954.1500000000001,1548.5,51.15,1.091453,0.118,110.35,0.0,80.0
2025-01-07 11:14:20,9.3,0.2,9.5,10.4,954.05,1587.0,51.05,1.091517,0.1195,110.4,0.0,80.0
2025-01-07 11:14:30,8.75,0.25,9.0,10.4,954.0,1586.5,51.25,1.091566,0.12,110.4,0.0,80.0
2025-01-07 11:14:40,8.350000000000001,0.1,8.45,10.4,954.05,1548.0,51.15,1.091659,0.118,110.4,0.0,80.0
2025-01-07 11:14:50,8.1,0.0,8.1,10.4,954.0,1591.5,50.95,1.091715,0.12,110.4,0.0,80.0
2025-01-07 11:15:00,7.65,0.05,7.75,10.4,954.0,1584.0,51.3,1.0917759999999999,0.12,110.4,0.0,80.0
2025-01-07 11:15:10,7.1,0.4,7.5,10.4,954.05,1548.5,51.2,1.0918665,0.1185,110.35,0.0,80.0
2025-01-07 11:15:20,6.699999999999999,0.5,7.199999999999999,10.4,954.05,1589.5,51.0,1.091932,0.1205,110.4,0.0,80.0
2025-01-07 11:15:30,6.45,0.45,6.9,10.4,954.0,1584.5,51.2,1.091987,0.12,110.4,0.0,80.0
2025-01-07 11:15:40,6.1,0.7,6.8,10.4,953.95,1550.5,51.3,1.0920775,0.1185,110.4,0.0,80.0
2025-01-07 11:15:50,5.9,0.6499999999999999,6.55,10.4,954.0,1590.5,50.95,1.0921509999999999,0.1205,110.4,0.0,80.0
2025-01-07 11:16:00,6.1,0.5,6.6,10.5,954.0,1584.0,51.3,1.092199,0.12,110.4,0.0,80.0
2025-01-07 11:16:10,6.15,0.45,6.65,10.5,954.0,1548.0,51.15,1.092285,0.119,110.4,0.0,80.0
2025-01-07 11:16:20,5.65,0.8,6.45,10.5,953.95,1589.0,50.95,1.0923465,0.1205,110.4,0.0,80.0
2025-01-07 11:16:30,5.35,1.1,6.4,10.5,953.9,1586.0,51.2,1.0924005,0.1205,110.4,0.0,80.0
2025-01-07 11:16:40,5.05,1.4,6.45,10.5,953.95,1550.5,51.25,1.0924805,0.119,110.4,0.0,80.0
2025-01-07 11:16:50,4.75,1.5,6.25,10.5,953.95,1590.5,51.0,1.0925375000000002,0.1205,110.4,0.0,80.0
2025-01-07 11:17:00,4.55,1.5,6.0,10.5,953.9,1584.5,51.25,1.092595,0.1205,110.4,0.0,80.0
2025-01-07 11:17:10,4.25,1.35,5.6,10.5,953.9,1549.5,51.15,1.0926710000000002,0.119,110.4,0.0,80.0
2025-01-07 11:17:20,4.1,1.05,5.15,10.5,953.95,1589.5,51.05,1.092733,0.121,110.4,0.0,80.0
2025-01-07 11:17:30,4.1,1.0,5.0,10.5,953.95,1585.5,51.400000000000006,1.0927734999999998,0.121,110.4,0.0,80.0
2025-01-07 11:17:40,3.95,1.05,5.05,10.5,953.95,1551.0,51.25,1.0928499999999999,0.119,110.4,0.0,80.0
2025-01-07 11:17:50,3.7,1.1,4.800000000000001,10.55,953.95,1590.0,50.95,1.0929035,0.1215,110.4,0.0,80.0
2025-01-07 11:18:00,3.6,0.9,4.5,10.6,953.9,1584.0,51.3,1.0929389999999999,0.121,110.4,0.0,80.0
2025-01-07 11:18:10,3.6500000000000004,0.45,4.15,10.6,953.95,1544.5,51.15,1.0930170000000001,0.1195,110.4,0.0,80.0
2025-01-07 11:18:20,3.55,0.45,3.95,10.6,953.9,1588.5,51.0,1.093067,0.1215,110.4,0.0,80.0
2025-01-07 11:18:30,3.4,0.45,3.8499999999999996,10.6,953.9,1585.0,51.400000000000006,1.09311,0.121,110.4,0.0,80.0
2025-01-07 11:18:40,3.3499999999999996,0.25,3.6,10.6,953.8499999999999,1549.0,51.400000000000006,1.0931955,0.12,110.4,0.0,80.0
2025-01-07 11:18:50,3.05,0.5,3.55,10.6,953.8,1592.0,51.2,1.0932400000000002,0.1215,110.4,0.0,80.0
2025-01-07 11:19:00,2.6,0.8,3.45,10.6,953.75,1586.0,51.400000000000006,1.0932970000000002,0.1215,110.4,0.0,80.0
2025-01-07 11:19:10,2.45,0.8,3.3,10.6,953.8499999999999,1549.5,51.35,1.0933695,0.1195,110.4,0.0,80.0
2025-01-07 11:19:20,2.75,0.55,3.3,10.6,953.8,1589.0,51.150000000000006,1.0934309999999998,0.1215,110.4,0.0,80.0
2025-01-07 11:19:30,2.9,0.35,3.3,10.6,953.8,1586.5,51.400000000000006,1.0934865,0.1215,110.4,0.0,80.0
2025-01-07 11:19:40,2.9,0.25,3.1500000000000004,10.7,953.75,1551.0,51.45,1.0935655,0.1195,110.4,0.0,80.0
2025-01-07 11:19:50,2.75,0.3,3.05,10.7,953.8,1590.0,51.150000000000006,1.093614,0.122,110.4,0.0,80.0
2025-01-07 11:20:00,2.7,0.2,2.9,10.7,953.8,1588.0,51.400000000000006,1.0936465000000002,0.1215,110.4,0.0,80.0
2025-01-07 11:20:10,2.8499999999999996,0.0,2.8,10.7,953.75,1550.5,51.45,1.0937105,0.121,110.4,0.0,80.0
2025-01-07 11:20:20,2.9,-0.1,2.8,10.7,953.75,1590.0,51.150000000000006,1.0937655,0.1215,110.4,0.0,80.0
2025-01-07 11:20:30,2.8,-0.2,2.6,10.7,953.75,1584.5,51.45,1.093806,0.122,110.4,0.0,80.0
2025-01-07 11:20:40,2.6,-0.35,2.3,10.7,953.7,1551.5,51.55,1.0938605,0.1205,110.4,0.0,80.0
2025-01-07 11:20:50,2.45,-0.45,2.0,10.7,953.75,1589.0,51.349999999999994,1.0939025,0.122,110.4,0.0,80.0
2025-01-07 11:21:00,2.3499999999999996,-0.45,1.9,10.7,953.7,1584.0,51.5,1.0939515000000002,0.122,110.4,0.0,80.0
2025-01-07 11:21:10,2.1500000000000004,-0.4,1.75,10.7,953.75,1549.5,51.5,1.094023,0.1205,110.4,0.0,80.0
2025-01-07 11:21:20,1.95,-0.4,1.55,10.8,953.8,1590.5,51.3,1.094073,0.1225,110.4,0.0,80.0
2025-01-07 11:21:30,1.75,-0.35,1.4,10.8,953.7,1587.0,51.45,1.0941245,0.122,110.4,0.0,80.0
2025-01-07 11:21:40,1.55,-0.3,1.25,10.8,953.75,1548.5,51.2,1.09419,0.12,110.4,0.0,80.0
2025-01-07 11:21:50,1.4,-0.45,0.95,10.8,953.7,1588.0,51.05,1.09424,0.1235,110.4,0.0,80.0
2025-01-07 11:22:00,1.5,-0.6499999999999999,0.8500000000000001,10.8,953.7,1585.0,51.2,1.0942720000000001,0.1225,110.4,0.0,80.0
2025-01-07 11:22:10,1.4,-0.45,0.95,10.8,953.7,1549.5,51.4,1.0943235,0.121,110.4,0.0,80.0
2025-01-07 11:22:20,1.15,-0.45,0.6499999999999999,10.8,953.75,1589.0,51.05,1.0943615,0.123,110.4,0.0,80.0
2025-01-07 11:22:30,0.95,-0.55,0.45,10.8,953.7,1584.0,51.35,1.0944004999999999,0.1225,110.4,0.0,80.0
2025-01-07 11:22:40,0.75,-0.6,0.15000000000000002,10.8,953.75,1548.5,51.35,1.0944405000000001,0.121,110.4,0.0,80.0
2025-01-07 11:22:50,0.7,-0.8500000000000001,-0.15000000000000002,10.8,953.7,1589.0,51.1,1.094489,0.123,110.4,0.0,80.0
2025-01-07 11:23:00,0.6,-0.95,-0.35,10.9,953.7,1586.0,51.45,1.0945304999999999,0.1225,110.4,0.0,80.0
2025-01-07 11:23:10,0.2,-0.8,-0.6,10.9,953.7,1548.5,51.25,1.094576,0.1205,110.4,0.0,80.0
2025-01-07 11:23:20,-0.2,-0.7,-0.9,10.9,953.75,1589.0,51.0,1.0946205,0.123,110.4,0.0,80.0
2025-01-07 11:23:30,-0.45,-0.5,-0.95,10.9,953.7,1587.0,51.55,1.0946535000000002,0.1225,110.4,0.0,80.0
2025-01-07 11:23:40,-0.5,-0.5,-1.0,10.9,953.75,1549.5,51.2,1.094711,0.1215,110.4,0.0,80.0
2025-01-07 11:23:50,-0.55,-0.5,-1.0,10.9,953.7,1589.5,51.2,1.0947465,0.123,110.4,0.0,80.0
2025-01-07 11:24:00,-0.7,-0.5,-1.25,10.9,953.6500000000001,1583.5,51.5,1.0947875,0.123,110.4,0.0,80.0
2025-01-07 11:24:10,-0.8,-0.6499999999999999,-1.45,10.9,953.6500000000001,1550.0,51.65,1.094828,0.1215,110.4,0.0,80.0
2025-01-07 11:24:20,-0.8,-0.8500000000000001,-1.65,10.9,953.7,1590.0,51.3,1.0948575,0.1235,110.4,0.0,80.0
2025-01-07 11:24:30,-0.75,-0.95,-1.75,10.95,953.6,1587.0,51.35,1.0948715,0.123,110.4,0.0,80.0
2025-01-07 11:24:40,-0.6499999999999999,-1.1,-1.75,11.0,953.6,1550.5,51.35,1.094916,0.1215,110.4,0.0,80.0
2025-01-07 11:24:50,-0.6,-1.1,-1.6,11.0,953.55,1588.0,51.25,1.0949309999999999,0.1235,110.4,0.0,80.0
2025-01-07 11:25:00,-0.75,-1.0,-1.75,11.0,953.55,1586.0,51.4,1.0949645000000001,0.124,110.4,0.0,80.0
2025-01-07 11:25:10,-0.9,-1.1,-1.95,11.0,953.6,1548.5,51.25,1.0949885,0.1215,110.4,0.0,80.0
2025-01-07 11:25:20,-0.9,-1.2,-2.05,11.0,953.6,1588.0,51.05,1.09501,0.1235,110.4,0.0,80.0
2025-01-07 11:25:30,-0.9,-1.2,-2.1500000000000004,11.0,953.55,1585.5,51.45,1.095035,0.124,110.4,0.0,80.0
2025-01-07 11:25:40,-0.9,-1.3,-2.2,11.0,953.6,1550.0,51.400000000000006,1.095054,0.122,110.4,0.0,80.0
2025-01-07 11:25:50,-0.9,-1.35,-2.25,11.0,953.5,1590.0,51.2,1.095065,0.1235,110.4,0.0,80.0
2025-01-07 11:26:00,-1.05,-1.45,-2.55,11.0,953.55,1585.0,51.55,1.0950805,0.1235,110.4,0.0,80.0
2025-01-07 11:26:10,-1.2,-1.65,-2.8,11.05,953.45,1551.0,51.65,1.0951105,0.1215,110.4,0.0,80.0
2025-01-07 11:26:20,-1.2,-1.6,-2.8,11.1,953.45,1589.5,51.150000000000006,1.095126,0.124,110.4,0.0,80.0
2025-01-07 11:26:30,-1.45,-1.55,-3.0,11.1,953.4,1588.5,51.599999999999994,1.0951485,0.123,110.4,0.0,80.0
2025-01-07 11:26:40,-1.7,-1.5,-3.2,11.1,953.5,1550.5,51.45,1.0951805000000001,0.1215,110.4,0.0,80.0
2025-01-07 11:26:50,-1.7,-0.15,-1.8499999999999999,11.1,953.45,1589.5,51.150000000000006,1.095104,0.1235,110.4,0.0,80.0
2025-01-07 11:27:00,-1.55,16.4,14.8,11.1,953.5,1591.5,51.55,1.0952175,0.1235,110.4,0.0,80.0
2025-01-07 11:27:10,-1.5,3.8499999999999996,2.3499999999999996,11.1,953.45,1551.5,51.65,1.0952625,0.122,110.4,0.0,80.0
2025-01-07 11:27:20,-1.7000000000000002,3.9,2.2,11.1,953.5,1591.5,51.2,1.095283,0.124,110.4,0.0,80.0
2025-01-07 11:27:30,-1.85,3.95,2.05,11.1,953.4,1591.5,51.5,1.095297,0.1235,110.4,0.0,80.0
2025-01-07 11:27:40,-1.95,3.8499999999999996,1.9,11.1,953.5,1553.5,51.5,1.095328,0.1225,110.4,0.0,80.0
2025-01-07 11:27:50,-2.0,3.6500000000000004,1.65,11.2,953.5,1593.0,51.3,1.0953505,0.124,110.4,0.0,80.0
2025-01-07 11:28:00,-1.85,3.45,1.6,11.2,953.4,1589.0,51.65,1.0953675,0.1235,110.4,0.0,80.0
2025-01-07 11:28:10,-1.6,3.25,1.65,11.2,953.45,1552.5,51.55,1.0954030000000001,0.1225,110.4,0.0,80.0
2025-01-07 11:28:20,-1.25,27.45,26.200000000000003,11.2,953.4,1593.5,51.3,1.0951675,0.124,110.4,0.0,80.0
2025-01-07 11:28:30,-0.9,83.45,82.55000000000001,11.2,953.4,1591.5,51.55,1.095412,0.124,110.4,0.0,80.0
2025-01-07 11:28:40,-0.35,52.55,52.15,11.2,953.4,1554.0,51.7,1.0954760000000001,0.122,110.4,0.0,80.0
2025-01-07 11:28:50,-0.15000000000000002,14.95,14.75,11.2,953.45,1594.5,51.400000000000006,1.095499,0.1245,110.4,0.0,80.0
2025-01-07 11:29:00,-0.15000000000000002,15.05,14.9,11.2,953.45,1591.5,51.65,1.0955265,0.124,110.4,0.0,80.0
2025-01-07 11:29:10,-0.1,15.3,15.2,11.2,953.55,1551.0,51.65,1.0955415,0.1225,110.4,0.0,80.0
2025-01-07 11:29:20,-0.15000000000000002,15.149999999999999,15.0,11.3,953.4,1592.0,51.6,1.0955715,0.124,110.4,0.0,80.0
2025-01-07 11:29:30,0.1,15.0,15.149999999999999,11.3,953.4,1589.0,51.85,1.0955795,0.1235,110.4,0.0,80.0
2025-01-07 11:29:40,0.35,14.9,15.25,11.3,953.45,1549.0,51.65,1.0955965,0.1225,110.4,0.0,80.0
2025-01-07 11:29:50,0.3,13.4,13.7,11.3,953.4,1592.0,51.45,1.0956074999999998,0.124,110.4,0.0,80.0
2025-01-07 11:30:00,0.4,10.45,10.9,11.3,953.4,1591.0,51.7,1.0956035,0.124,110.4,0.0,80.0
2025-01-07 11:30:10,0.6,8.399999999999999,9.0,11.3,953.45,1553.0,51.75,1.095618,0.122,110.4,0.0,80.0
2025-01-07 11:30:20,1.0,8.3,9.3,11.3,953.4,1593.5,51.5,1.0956074999999998,0.124,110.4,0.0,80.0
2025-01-07 11:30:30,0.95,8.6,9.55,11.3,953.4,1590.0,51.95,1.095625,0.124,110.4,0.0,80.0
2025-01-07 11:30:40,0.75,8.9,9.649999999999999,11.3,953.5,1549.5,51.75,1.0956265,0.1225,110.45,0.0,80.0
2025-01-07 11:30:50,0.6,9.0,9.6,11.350000000000001,953.45,1591.5,51.5,1.0956204999999999,0.1245,110.4,0.0,80.0
2025-01-07 11:31:00,0.6,9.2,9.8,11.4,953.4,1589.0,51.8,1.0956204999999999,0.124,110.4,0.0,80.0
2025-01-07 11:31:10,0.30000000000000004,9.6,10.0,11.4,953.3499999999999,1553.0,51.95,1.095618,0.1225,110.4,0.0,80.0
2025-01-07 11:31:20,0.05,6.4,6.449999999999999,11.4,953.4,1592.0,51.6,1.0956045,0.124,110.4,0.0,80.0
2025-01-07 11:31:30,-0.15000000000000002,0.55,0.39999999999999997,11.4,953.25,1584.0,52.2,1.095532,0.124,110.45,0.0,80.0
2025-01-07 11:31:40,-0.45,-1.2,-1.65,11.4,953.25,1551.0,52.05,1.0955724999999998,0.1225,110.4,0.0,80.0
2025-01-07 11:31:50,-0.55,0.35,-0.3,11.4,953.3,1590.5,51.8,1.095567,0.1245,110.4,0.0,80.0
2025-01-07 11:32:00,-0.45,0.5,0.0,11.4,953.1500000000001,1585.5,52.25,1.0955620000000001,0.1245,110.4,0.0,80.0
2025-01-07 11:32:10,-0.30000000000000004,0.45,0.1,11.4,953.25,1550.5,51.900000000000006,1.0955675,0.1225,110.4,0.0,80.0
2025-01-07 11:32:20,0.0,0.6499999999999999,0.6,11.4,953.2,1589.5,52.099999999999994,1.0955475,0.124,110.4,0.0,80.0
2025-01-07 11:32:30,-0.15000000000000002,0.7,0.6499999999999999,11.5,953.1,1585.5,52.05,1.095536,0.1245,110.4,0.0,80.0
2025-01-07 11:32:40,-0.15000000000000002,0.7,0.55,11.5,953.05,1551.0,52.2,1.0955395,0.123,110.4,0.0,80.0
2025-01-07 11:32:50,0.1,0.8,0.8500000000000001,11.5,952.45,1587.0,54.0,1.095538,0.125,110.4,0.0,80.0
2025-01-07 11:33:00,0.1,1.2,1.3,11.5,952.25,1583.5,53.45,1.095526,0.125,110.4,0.0,80.0
2025-01-07 11:33:10,-0.30000000000000004,2.6,2.3,11.5,952.25,1548.5,53.35,1.0955499999999998,0.123,110.4,0.0,80.0
2025-01-07 11:33:20,-0.6,3.5999999999999996,3.0,11.5,952.1,1587.5,53.650000000000006,1.095513,0.1245,110.4,0.0,80.0
2025-01-07 11:33:30,-0.35,4.15,3.8,11.5,952.05,1583.0,53.849999999999994,1.0955165,0.125,110.4,0.0,80.0
2025-01-07 11:33:40,-0.1,4.45,4.300000000000001,11.5,952.8,1553.5,52.349999999999994,1.095523,0.123,110.4,0.0,80.0
2025-01-07 11:33:50,-0.15000000000000002,4.65,4.55,11.55,953.05,1593.0,51.6,1.0954855000000001,0.1245,110.4,0.0,80.0
2025-01-07 11:34:00,-0.4,4.699999999999999,4.3,11.6,952.75,1588.0,52.650000000000006,1.0954865,0.1245,110.4,0.0,80.0
2025-01-07 11:34:10,-0.4,4.300000000000001,3.9,11.6,952.35,1552.0,52.95,1.0954975,0.123,110.4,0.0,80.0
2025-01-07 11:34:20,-0.1,4.05,3.9,11.6,952.05,1589.5,53.0,1.0954920000000001,0.1245,110.4,0.0,80.0
2025-01-07 11:34:30,0.0,3.5999999999999996,3.5999999999999996,11.6,952.0999999999999,1588.5,53.099999999999994,1.095464,0.125,110.4,0.0,80.0
2025-01-07 11:34:40,0.1,2.25,2.4,11.6,952.6,1553.5,52.25,1.095475,0.123,110.4,0.0,80.0
2025-01-07 11:34:50,0.15000000000000002,1.6,1.7000000000000002,11.6,952.2,1589.5,52.650000000000006,1.0954535,0.125,110.4,0.0,80.0
2025-01-07 11:35:00,0.15000000000000002,1.95,2.1,11.6,951.9,1585.0,53.2,1.0954535,0.125,110.4,0.0,80.0
2025-01-07 11:35:10,0.3,2.1500000000000004,2.45,11.6,951.95,1552.0,53.55,1.0954525,0.123,110.45,0.0,80.0
2025-01-07 11:35:20,0.3,2.05,2.3499999999999996,11.7,951.9,1589.5,52.8,1.09543,0.125,110.4,0.0,80.0
2025-01-07 11:35:30,0.2,2.25,2.45,11.7,952.05,1591.0,52.8,1.095407,0.125,110.4,0.0,80.0
2025-01-07 11:35:40,-0.05,2.9000000000000004,2.85,11.7,952.05,1552.5,52.6,1.095421,0.123,110.4,0.0,80.0
2025-01-07 11:35:50,-0.3,3.5,3.1500000000000004,11.7,951.4,1592.0,53.1,1.0954215,0.125,110.4,0.0,80.0
2025-01-07 11:36:00,-0.15000000000000002,3.5,3.3499999999999996,11.7,950.8499999999999,1587.0,53.35,1.0953810000000002,0.125,110.4,0.0,80.0
2025-01-07 11:36:10,0.15000000000000002,3.25,3.4,11.7,951.05,1556.5,52.5,1.095406,0.123,110.4,0.0,80.0
2025-01-07 11:36:20,0.25,3.3499999999999996,3.6500000000000004,11.7,951.3,1594.0,51.650000000000006,1.095339,0.125,110.45,0.0,80.0
2025-01-07 11:36:30,-0.1,3.5,3.35,11.7,951.1500000000001,1593.0,51.95,1.0953545,0.125,110.4,0.0,80.0
2025-01-07 11:36:40,-0.35,3.3,3.0,11.75,951.3,1556.5,51.900000000000006,1.0953565,0.123,110.4,0.0,80.0
2025-01-07 11:36:50,-0.15000000000000002,3.0,2.8499999999999996,11.8,951.25,1594.0,51.7,1.095339,0.125,110.45,0.0,80.0
2025-01-07 11:37:00,0.2,2.7,2.9,11.8,951.1,1588.5,52.099999999999994,1.0953140000000001,0.125,110.4,0.0,80.0
2025-01-07 11:37:10,0.4,2.75,3.1500000000000004,11.8,950.3499999999999,1553.5,53.35,1.0953140000000001,0.123,110.4,0.0,80.0
2025-01-07 11:37:20,0.35,2.95,3.25,11.8,950.3499999999999,1593.5,52.849999999999994,1.095296,0.1255,110.4,0.0,80.0
2025-01-07 11:37:30,0.2,3.2,3.45,11.8,950.0,1589.5,53.35,1.0952804999999999,0.125,110.4,0.0,80.0
2025-01-07 11:37:40,0.0,3.6500000000000004,3.6500000000000004,11.8,949.8,1550.5,53.45,1.0952775,0.1235,110.45,0.0,80.0
2025-01-07 11:37:50,0.15000000000000002,3.25,3.3499999999999996,11.8,949.25,1592.5,53.2,1.0952725,0.1255,110.4,0.0,80.0
2025-01-07 11:38:00,0.2,2.7,2.9,11.8,948.3,1588.5,53.8,1.0952544999999998,0.125,110.4,0.0,80.0
2025-01-07 11:38:10,0.0,2.8,2.8,11.9,948.55,1558.5,53.2,1.0952725,0.1235,110.4,0.0,80.0
2025-01-07 11:38:20,-0.1,3.3,3.2,11.9,949.05,1600.5,51.9,1.0952510000000002,0.1255,110.4,0.0,80.0
2025-01-07 11:38:30,0.15000000000000002,3.4,3.55,11.9,948.5,1591.5,53.2,1.095257,0.125,110.4,0.0,80.0
2025-01-07 11:38:40,0.4,2.85,3.25,11.9,948.2,1551.0,54.400000000000006,1.0952745,0.124,110.4,0.0,80.0
2025-01-07 11:38:50,0.45,2.55,3.0,11.9,948.75,1583.5,55.55,1.095256,0.1255,110.4,0.0,80.0
2025-01-07 11:39:00,0.2,2.55,2.7,11.9,949.5,1579.5,55.05,1.0952225,0.1255,110.4,0.0,80.0
2025-01-07 11:39:10,-0.1,2.3,2.15,11.9,950.5999999999999,1540.0,55.45,1.095208,0.124,110.45,0.0,80.0
2025-01-07 11:39:20,-0.4,1.45,1.05,11.95,951.25,1576.0,54.7,1.095196,0.1255,110.45,0.0,80.0
2025-01-07 11:39:30,0.0,0.5,0.55,12.0,951.6500000000001,1575.5,54.45,1.0951624999999998,0.1255,110.4,0.0,80.0
2025-01-07 11:39:40,0.45,0.4,0.85,12.0,951.6,1541.5,54.05,1.095191,0.124,110.4,0.0,80.0
2025-01-07 11:39:50,0.6499999999999999,0.8,1.4500000000000002,12.0,951.8499999999999,1581.5,53.650000000000006,1.095159,0.1255,110.4,0.0,80.0
2025-01-07 11:40:00,0.7,1.3,2.0,12.0,951.65,1580.0,53.85,1.0950220000000002,0.1255,110.4,0.0,80.0
2025-01-07 11:40:10,0.6499999999999999,15.65,16.3,12.0,951.2,1543.0,54.25,1.095136,0.124,110.4,0.0,80.0
2025-01-07 11:40:20,0.25,6.1,6.35,12.0,950.95,1582.0,55.0,1.0951125,0.1255,110.4,0.0,80.0
2025-01-07 11:40:30,0.35,6.6,6.95,12.05,951.3,1582.5,54.9,1.095017,0.1255,110.4,0.0,80.0
2025-01-07 11:40:40,0.9,6.4,7.3,12.1,952.0,1549.0,53.7,1.095071,0.124,110.4,0.0,80.0
2025-01-07 11:40:50,1.0,7.35,8.3,12.1,952.8499999999999,1594.5,51.65,1.0950395,0.1255,110.4,0.0,80.0
2025-01-07 11:41:00,0.6,7.6,8.2,12.1,952.55,1588.5,52.7,1.095021,0.1255,110.4,0.0,80.0
2025-01-07 11:41:10,0.7,7.050000000000001,7.8,12.1,951.7,1545.5,54.1,1.0950410000000002,0.124,110.45,0.0,80.0
2025-01-07 11:41:20,1.15,7.75,8.899999999999999,12.1,951.5,1582.0,54.3,1.094924,0.1255,110.5,0.0,80.0
2025-01-07 11:41:30,1.0,9.6,10.55,12.1,951.5,1579.5,55.400000000000006,1.094978,0.126,110.4,0.0,80.0
2025-01-07 11:41:40,0.6499999999999999,11.05,11.75,12.1,951.6,1546.5,53.75,1.0949765,0.124,110.4,0.0,80.0
2025-01-07 11:41:50,0.6499999999999999,11.0,11.649999999999999,12.149999999999999,951.3,1585.5,54.4,1.0949575,0.126,110.4,0.0,80.0
2025-01-07 11:42:00,0.75,10.55,11.35,12.2,950.7,1581.0,54.25,1.094929,0.126,110.4,0.0,80.0
2025-01-07 11:42:10,1.15,9.899999999999999,11.0,12.2,950.4,1546.0,54.650000000000006,1.0949274999999998,0.124,110.4,0.0,80.0
2025-01-07 11:42:20,1.7000000000000002,10.05,11.8,12.2,950.45,1587.5,53.9,1.0948799999999999,0.126,110.4,0.0,80.0
2025-01-07 11:42:30,1.65,10.75,12.4,12.2,951.05,1592.5,52.55,1.094911,0.126,110.4,0.0,80.0
2025-01-07 11:42:40,1.3,10.600000000000001,11.95,12.2,951.55,1559.0,51.8,1.094893,0.124,110.45,0.0,80.0
2025-01-07 11:42:50,0.65,10.05,10.65,12.2,951.4,1597.5,51.65,1.0948945,0.126,110.4,0.0,80.0
2025-01-07 11:43:00,0.45,9.9,10.4,12.2,950.85,1587.5,53.25,1.094806,0.126,110.4,0.0,80.0
2025-01-07 11:43:10,0.3,9.75,10.100000000000001,12.3,951.0,1546.5,53.75,1.094868,0.124,110.45,0.0,80.0
2025-01-07 11:43:20,0.35,8.95,9.3,12.3,951.0,1584.5,53.650000000000006,1.0948455,0.126,110.4,0.0,80.0
2025-01-07 11:43:30,0.4,9.2,9.6,12.3,950.65,1580.5,54.15,1.0946965,0.126,110.4,0.0,80.0
2025-01-07 11:43:40,0.25,20.2,20.5,12.3,950.1,1540.5,54.65,1.0948285,0.124,110.45,0.0,80.0
2025-01-07 11:43:50,0.4,77.55,77.9,12.3,949.3,1578.0,55.849999999999994,1.0945175,0.126,110.4,40.0,80.0
2025-01-07 11:44:00,1.0,150.95,151.95,12.3,950.25,1577.0,53.35,1.0943595,0.126,110.4,40.0,80.0
2025-01-07 11:44:10,1.5,210.75,212.2,12.350000000000001,950.0999999999999,1544.0,54.3,1.0948015,0.124,110.35,0.0,80.0
2025-01-07 11:44:20,1.55,221.65,223.2,12.4,950.55,1587.5,54.25,1.0946055000000001,0.126,110.4,0.0,80.0
2025-01-07 11:44:30,2.45,121.5,123.95,12.4,951.1,1584.5,53.7,1.0946915000000002,0.126,110.45,0.0,80.0
2025-01-07 11:44:40,3.4,57.4,60.8,12.4,951.05,1543.5,53.6,1.094786,0.124,110.5,0.0,80.0
2025-01-07 11:44:50,3.7,59.1,62.849999999999994,12.4,951.2,1580.0,54.2,1.094731,0.126,110.5,0.0,80.0
2025-01-07 11:45:00,3.7,42.05,45.75,12.4,951.5,1578.0,55.85,1.0947265,0.126,110.4,0.0,80.0
2025-01-07 11:45:10,3.5,21.8,25.3,12.4,952.2,1538.5,54.0,1.0947465,0.124,110.45,0.0,80.0
2025-01-07 11:45:20,3.2,16.4,19.55,12.4,952.35,1582.5,52.95,1.094724,0.126,110.45,0.0,80.0
2025-01-07 11:45:30,3.55,33.75,37.3,12.5,952.6,1584.0,53.7,1.0941014999999998,0.126,110.4,0.0,80.0
2025-01-07 11:45:40,4.15,145.75,149.85,12.5,952.3,1543.5,54.1,1.0946965,0.124,110.4,0.0,80.0
2025-01-07 11:45:50,4.6,257.04999999999995,261.70000000000005,12.5,951.9,1584.0,53.8,1.0945049999999998,0.126,110.4,0.0,80.0
2025-01-07 11:46:00,4.45,101.30000000000001,105.75,12.5,952.15,1584.5,54.05,1.094494,0.126,110.45,0.0,80.0
2025-01-07 11:46:10,4.5,103.85,108.4,12.5,951.55,1540.5,55.45,1.0946384999999998,0.124,110.5,0.0,80.0
2025-01-07 11:46:20,5.65,112.7,118.45,12.5,951.9000000000001,1583.5,53.75,1.0942444999999998,0.1265,110.5,40.0,80.0
2025-01-07 11:46:30,6.1,176.95,183.05,12.5,952.5,1582.0,52.75,1.094326,0.126,110.4,40.0,80.0
2025-01-07 11:46:40,5.8,210.35,216.15,12.6,951.7,1543.5,54.15,1.0946175,0.1245,110.4,0.0,80.0
2025-01-07 11:46:50,6.15,206.4,212.55,12.6,952.2,1585.0,54.1,1.094191,0.1265,110.5,0.0,80.0
2025-01-07 11:47:00,6.699999999999999,231.2,237.9,12.6,952.3,1581.0,53.7,1.093886,0.126,110.4,0.0,80.0
2025-01-07 11:47:10,6.8,316.65,323.4,12.6,951.6500000000001,1546.5,54.2,1.0945904999999998,0.125,110.45,0.0,80.0
2025-01-07 11:47:20,6.8,362.5,369.25,12.6,951.35,1581.0,54.95,1.0941934999999998,0.1265,110.4,0.0,80.0
2025-01-07 11:47:30,6.4,245.85,252.25,12.6,951.8499999999999,1583.5,54.25,1.0944495,0.1265,110.4,0.0,80.0
2025-01-07 11:47:40,6.1,151.85,157.95,12.649999999999999,951.0,1546.0,54.35,1.0945925,0.125,110.4,0.0,80.0
2025-01-07 11:47:50,6.15,78.85,85.0,12.7,950.55,1585.0,54.650000000000006,1.0945200000000002,0.1265,110.45,0.0,80.0
2025-01-07 11:48:00,6.2,37.5,43.7,12.7,950.05,1576.0,56.05,1.094526,0.1265,110.45,0.0,80.0
2025-01-07 11:48:10,6.5,24.55,31.05,12.7,950.3,1543.0,54.95,1.094568,0.125,110.5,0.0,80.0
2025-01-07 11:48:20,6.9,14.25,21.25,12.7,951.2,1586.0,54.25,1.0945535,0.1265,110.45,0.0,80.0
2025-01-07 11:48:30,6.699999999999999,8.55,15.25,12.7,951.05,1587.0,53.65,1.0944924999999999,0.1265,110.4,0.0,80.0
2025-01-07 11:48:40,6.4,15.450000000000001,21.85,12.7,950.75,1544.5,55.55,1.0945939999999998,0.125,110.4,0.0,80.0
2025-01-07 11:48:50,6.3,27.75,34.05,12.8,951.25,1581.5,54.9,1.094567,0.1265,110.4,0.0,80.0
2025-01-07 11:49:00,6.95,80.2,87.19999999999999,12.8,951.6500000000001,1582.0,55.0,1.0942175,0.1265,110.45,0.0,80.0
2025-01-07 11:49:10,7.6,120.05000000000001,127.65,12.8,951.2,1545.5,55.650000000000006,1.094576,0.125,110.4,0.0,80.0
2025-01-07 11:49:20,6.949999999999999,168.25,175.2,12.8,951.75,1584.5,54.349999999999994,1.094259,0.1265,110.45,0.0,80.0
2025-01-07 11:49:30,5.95,136.25,142.2,12.8,952.05,1583.0,55.05,1.0944254999999998,0.1265,110.45,0.0,80.0
2025-01-07 11:49:40,5.65,130.3,135.9,12.8,952.0,1547.5,54.05,1.094495,0.125,110.5,0.0,80.0
2025-01-07 11:49:50,5.85,125.0,130.85,12.8,951.8,1586.5,53.9,1.0942349999999998,0.1265,110.45,0.0,80.0
2025-01-07 11:50:00,6.15,117.35,123.5,12.9,951.85,1585.5,54.150000000000006,1.0942735,0.1265,110.4,0.0,80.0
2025-01-07 11:50:10,6.6,102.94999999999999,109.5,12.9,951.9,1552.0,54.25,1.0944794999999998,0.125,110.4,0.0,80.0
2025-01-07 11:50:20,6.95,88.15,95.15,12.9,951.4000000000001,1591.5,53.599999999999994,1.0943175,0.1265,110.45,0.0,80.0
2025-01-07 11:50:30,7.1,80.15,87.2,12.9,950.9,1578.0,55.2,1.0943795,0.1265,110.45,0.0,80.0
2025-01-07 11:50:40,7.15,77.15,84.3,12.9,951.0,1540.5,55.8,1.0944405000000001,0.125,110.5,0.0,80.0
2025-01-07 11:50:50,7.0,38.7,45.75,12.9,951.45,1593.5,53.5,1.0944305,0.1265,110.45,0.0,80.0
2025-01-07 11:51:00,7.15,11.5,18.65,12.95,951.9000000000001,1592.5,52.95,1.094407,0.1265,110.4,0.0,80.0
2025-01-07 11:51:10,7.1,5.0,12.0,13.0,951.95,1552.5,53.8,1.0944185,0.125,110.4,0.0,80.0
2025-01-07 11:51:20,6.699999999999999,4.3,11.0,13.0,952.4,1591.5,53.25,1.094407,0.1265,110.45,0.0,80.0
2025-01-07 11:51:30,6.45,3.05,9.5,13.0,952.7,1585.5,53.25,1.094393,0.1265,110.45,0.0,80.0
2025-01-07 11:51:40,6.1,5.35,11.45,13.0,952.6,1551.0,53.05,1.0943995,0.125,110.5,0.0,80.0
2025-01-07 11:51:50,5.75,6.65,12.4,13.0,952.55,1590.0,53.3,1.0943969999999998,0.127,110.5,0.0,80.0
2025-01-07 11:52:00,5.65,1.35,7.0,13.05,952.85,1588.0,52.8,1.0943589999999999,0.1265,110.45,0.0,80.0
2025-01-07 11:52:10,5.35,-4.15,1.25,13.1,953.2,1547.5,52.2,1.09436,0.125,110.4,0.0,80.0
2025-01-07 11:52:20,5.25,-3.5500000000000003,1.65,13.1,952.65,1588.5,52.85,1.0943450000000001,0.127,110.45,0.0,80.0
2025-01-07 11:52:30,5.35,40.099999999999994,45.5,13.1,952.9,1585.0,52.95,1.0943605,0.127,110.45,0.0,80.0
2025-01-07 11:52:40,4.95,34.85,39.8,13.1,952.8499999999999,1545.5,52.7,1.094351,0.125,110.4,0.0,80.0
2025-01-07 11:52:50,3.9000000000000004,29.0,32.85,13.1,953.0,1592.5,52.400000000000006,1.0943375,0.127,110.45,0.0,80.0
2025-01-07 11:53:00,2.7,21.9,24.6,13.1,953.45,1588.5,51.75,1.094314,0.127,110.4,0.0,80.0
2025-01-07 11:53:10,1.5,15.85,17.35,13.149999999999999,953.35,1554.5,52.05,1.094289,0.125,110.4,0.0,80.0
2025-01-07 11:53:20,0.55,10.65,11.25,13.2,952.9,1589.0,52.5,1.0942880000000001,0.127,110.5,0.0,80.0
2025-01-07 11:53:30,0.15000000000000002,5.55,5.7,13.2,952.75,1584.5,52.95,1.0942935,0.127,110.5,0.0,80.0
2025-01-07 11:53:40,-0.4,2.15,1.75,13.2,952.5999999999999,1548.0,53.150000000000006,1.0942565,0.125,110.4,0.0,80.0
2025-01-07 11:53:50,-0.8,0.8500000000000001,0.05000000000000002,13.2,952.3,1583.5,54.150000000000006,1.094242,0.127,110.4,0.0,80.0
2025-01-07 11:54:00,-1.15,0.55,-0.65,13.2,952.25,1579.5,53.8,1.094234,0.127,110.4,0.0,80.0
2025-01-07 11:54:10,-1.25,0.09999999999999999,-1.15,13.2,953.0,1552.0,52.5,1.0942254999999999,0.125,110.4,0.0,80.0
2025-01-07 11:54:20,-1.1,-0.25,-1.35,13.3,953.1500000000001,1593.0,52.25,1.0941995,0.127,110.5,0.0,80.0
2025-01-07 11:54:30,-1.35,-0.3,-1.6,13.3,952.7,1581.5,53.05,1.094209,0.127,110.45,0.0,80.0
2025-01-07 11:54:40,-1.55,-0.5,-2.0,13.3,952.95,1552.5,52.650000000000006,1.0941874999999999,0.125,110.4,0.0,80.0
2025-01-07 11:54:50,-1.35,-1.0,-2.3,13.3,953.3499999999999,1594.5,51.650000000000006,1.0941445,0.127,110.45,0.0,80.0
2025-01-07 11:55:00,-1.9500000000000002,-1.05,-3.0,13.3,952.85,1583.0,52.9,1.0941435,0.127,110.45,0.0,80.0
2025-01-07 11:55:10,-2.6500000000000004,-1.0,-3.6500000000000004,13.3,952.4000000000001,1547.0,53.9,1.094146,0.125,110.45,0.0,80.0
2025-01-07 11:55:20,-2.7,-1.05,-3.7,13.4,952.5,1587.5,53.2,1.094122,0.127,110.5,0.0,80.0
2025-01-07 11:55:30,-2.4,-1.2000000000000002,-3.6500000000000004,13.4,952.6500000000001,1584.5,52.849999999999994,1.0940995,0.127,110.4,0.0,80.0
2025-01-07 11:55:40,-1.95,-1.65,-3.55,13.4,952.4000000000001,1549.5,53.349999999999994,1.0940935,0.125,110.4,0.0,80.0
2025-01-07 11:55:50,-1.7,-1.6,-3.3499999999999996,13.4,952.3499999999999,1586.0,53.7,1.094066,0.127,110.4,0.0,80.0
2025-01-07 11:56:00,-1.95,-1.6,-3.55,13.4,952.7,1587.5,52.7,1.094058,0.127,110.4,0.0,80.0
2025-01-07 11:56:10,-2.0,-1.95,-4.0,13.4,952.45,1550.5,53.349999999999994,1.0940565,0.125,110.5,0.0,80.0
2025-01-07 11:56:20,-2.1,-1.95,-4.05,13.5,952.4,1590.0,53.0,1.0940575,0.127,110.45,0.0,80.0
2025-01-07 11:56:30,-2.5,-1.9,-4.4,13.5,952.4,1588.5,52.75,1.094029,0.127,110.5,0.0,80.0
2025-01-07 11:56:40,-2.55,-1.75,-4.3,13.5,952.1,1557.0,52.599999999999994,1.0940265,0.125,110.45,0.0,80.0
2025-01-07 11:56:50,-2.45,-1.2000000000000002,-3.7,13.5,951.9,1594.5,52.55,1.0939969999999999,0.127,110.45,0.0,80.0
2025-01-07 11:57:00,-2.9,-1.05,-3.95,13.5,951.8,1591.5,52.95,1.0939845,0.127,110.5,0.0,80.0
2025-01-07 11:57:10,-3.45,-0.6000000000000001,-4.0,13.5,952.25,1558.5,52.349999999999994,1.0939934999999998,0.125,110.4,0.0,80.0
2025-01-07 11:57:20,-3.8499999999999996,0.05,-3.75,13.5,952.1500000000001,1595.0,52.0,1.0939705000000002,0.127,110.45,0.0,80.0
2025-01-07 11:57:30,-3.75,0.25,-3.5,13.6,952.3,1593.0,52.2,1.0939655,0.127,110.4,0.0,80.0
2025-01-07 11:57:40,-3.6,0.15000000000000002,-3.4,13.6,952.25,1558.5,52.45,1.093936,0.125,110.45,0.0,80.0
2025-01-07 11:57:50,-3.5,0.1,-3.4,13.6,952.4,1593.5,51.8,1.0939035000000001,0.127,110.5,0.0,80.0
2025-01-07 11:58:00,-3.05,0.2,-2.85,13.6,952.4,1589.5,52.15,1.093855,0.127,110.45,0.0,80.0
2025-01-07 11:58:10,-2.5,0.65,-1.85,13.6,952.3499999999999,1555.0,52.2,1.0938705,0.125,110.5,0.0,80.0
2025-01-07 11:58:20,-2.2,1.2000000000000002,-0.95,13.6,952.2,1591.0,52.3,1.093839,0.127,110.5,0.0,80.0
2025-01-07 11:58:30,-1.7999999999999998,1.7,-0.1,13.7,952.45,1592.5,52.05,1.0937655,0.127,110.4,0.0,80.0
2025-01-07 11:58:40,-1.6,2.8,1.2000000000000002,13.7,952.3499999999999,1557.0,52.150000000000006,1.093813,0.125,110.4,0.0,80.0
2025-01-07 11:58:50,-1.5,3.7,2.15,13.7,952.3499999999999,1597.5,51.9,1.0938045,0.127,110.45,0.0,80.0
2025-01-07 11:59:00,-1.2999999999999998,3.75,2.4,13.7,952.3499999999999,1591.5,52.099999999999994,1.0937869999999998,0.127,110.4,0.0,80.0
2025-01-07 11:59:10,-1.1,3.6,2.5,13.7,951.9,1556.0,53.1,1.093792,0.125,110.45,0.0,80.0
2025-01-07 11:59:20,-0.95,3.75,2.75,13.7,951.9,1594.0,52.95,1.0937774999999998,0.1275,110.45,0.0,80.0
2025-01-07 11:59:30,-0.9,3.8,2.95,13.8,951.8499999999999,1587.0,52.7,1.093769,0.127,110.45,0.0,80.0
2025-01-07 11:59:40,-0.9,3.45,2.55,13.8,951.7,1555.0,52.7,1.0937489999999999,0.1255,110.5,0.0,80.0
2025-01-07 11:59:50,-1.15,3.0,1.85,13.8,951.95,1594.0,52.65,1.0937415000000001,0.1275,110.5,0.0,80.0
2025-01-07 12:00:00,-0.9,2.7,1.8,13.8,952.1500000000001,1591.0,52.5,1.0937075,0.127,110.45,0.0,80.0
2025-01-07 12:00:10,-0.45,2.25,1.7999999999999998,13.8,952.2,1552.0,52.45,1.093706,0.126,110.4,0.0,80.0
2025-01-07 12:00:20,-0.35,2.1,1.75,13.8,952.3499999999999,1592.5,52.2,1.0936605,0.1275,110.4,0.0,80.0
2025-01-07 12:00:30,-0.55,2.1,1.55,13.850000000000001,952.4000000000001,1589.5,52.25,1.0936585,0.1275,110.4,0.0,80.0
2025-01-07 12:00:40,-0.5,2.1,1.5,13.9,952.35,1554.0,52.3,1.093668,0.1255,110.4,0.0,80.0
2025-01-07 12:00:50,-0.1,2.1500000000000004,2.1,13.9,951.95,1586.5,52.9,1.09365,0.1275,110.45,0.0,80.0
2025-01-07 12:01:00,0.2,2.2,2.4,13.9,951.95,1585.0,52.900000000000006,1.0936249999999998,0.1275,110.5,0.0,80.0
2025-01-07 12:01:10,0.35,1.8,2.0999999999999996,13.9,951.7,1551.0,53.1,1.0936245,0.126,110.5,0.0,80.0
2025-01-07 12:01:20,0.1,1.1,1.25,13.9,951.9,1587.5,52.8,1.0935929999999998,0.1275,110.5,0.0,80.0
2025-01-07 12:01:30,-0.5,0.3,-0.19999999999999998,13.95,952.2,1584.5,52.45,1.0935869999999999,0.1275,110.45,0.0,80.0
2025-01-07 12:01:40,-1.0,-1.15,-2.1,14.0,952.1,1552.5,52.650000000000006,1.0935725,0.126,110.45,0.0,80.0
2025-01-07 12:01:50,-1.1,-2.2,-3.3,14.0,951.8,1589.5,53.35,1.0935605,0.1275,110.45,0.0,80.0
2025-01-07 12:02:00,-1.35,-2.15,-3.45,14.0,951.5,1583.0,53.3,1.093556,0.1275,110.5,0.0,80.0
2025-01-07 12:02:10,-1.7000000000000002,-1.8,-3.5,14.0,951.6500000000001,1550.0,53.25,1.0935295,0.126,110.45,0.0,80.0
2025-01-07 12:02:20,-2.1,-1.95,-4.0,14.0,951.35,1587.0,52.599999999999994,1.0935320000000002,0.1275,110.4,0.0,80.0
2025-01-07 12:02:30,-2.2,-1.85,-4.05,14.0,952.25,1590.5,52.1,1.093539,0.1275,110.5,0.0,80.0
2025-01-07 12:02:40,-2.55,-1.2999999999999998,-3.9,14.1,952.45,1556.0,52.15,1.093496,0.126,110.45,0.0,80.0
2025-01-07 12:02:50,-2.9,-1.15,-4.0,14.1,952.1,1587.0,52.650000000000006,1.093488,0.1275,110.5,0.0,80.0
2025-01-07 12:03:00,-2.9,-0.9,-3.8,14.1,952.0,1587.0,52.900000000000006,1.093465,0.1275,110.45,0.0,80.0
2025-01-07 12:03:10,-2.95,-0.6499999999999999,-3.6,14.1,951.75,1550.5,52.900000000000006,1.0934555000000001,0.126,110.5,0.0,80.0
2025-01-07 12:03:20,-3.0,-0.45,-3.55,14.1,951.5,1589.0,53.05,1.093415,0.1275,110.4,0.0,80.0
2025-01-07 12:03:30,-2.9,-0.1,-2.95,14.1,951.8,1589.5,53.25,1.0934245,0.1275,110.4,0.0,80.0
2025-01-07 12:03:40,-3.0999999999999996,0.3,-2.75,14.2,951.8,1552.5,53.2,1.0934125,0.126,110.5,0.0,80.0
2025-01-07 12:03:50,-3.9,0.4,-3.5,14.2,951.7,1590.0,52.6,1.0933804999999999,0.1275,110.45,0.0,80.0
2025-01-07 12:04:00,-4.7,0.4,-4.3,14.2,952.0,1585.5,52.8,1.093359,0.1275,110.45,0.0,80.0
2025-01-07 12:04:10,-5.4,0.4,-5.1,14.2,952.0,1555.5,52.6,1.0933205,0.126,110.5,0.0,80.0
2025-01-07 12:04:20,-6.15,0.45,-5.699999999999999,14.2,951.85,1590.5,53.349999999999994,1.093297,0.1275,110.5,0.0,80.0
2025-01-07 12:04:30,-6.4,0.6,-5.75,14.2,951.75,1586.0,53.5,1.0933030000000001,0.1275,110.45,0.0,80.0
2025-01-07 12:04:40,-6.4,0.6499999999999999,-5.75,14.3,951.55,1553.0,53.8,1.0932875,0.126,110.5,0.0,80.0
2025-01-07 12:04:50,-6.45,0.55,-5.85,14.3,951.65,1589.5,52.8,1.0932754999999998,0.1275,110.45,0.0,80.0
2025-01-07 12:05:00,-6.5,0.35,-6.15,14.3,951.9000000000001,1587.5,53.150000000000006,1.093267,0.1275,110.5,0.0,80.0
2025-01-07 12:05:10,-6.25,-0.15,-6.4,14.3,952.6,1558.5,51.85,1.0932590000000002,0.126,110.5,0.0,80.0
2025-01-07 12:05:20,-5.699999999999999,-0.3,-6.05,14.3,952.6500000000001,1590.5,52.65,1.093239,0.1275,110.5,0.0,80.0
2025-01-07 12:05:30,-5.45,-0.45,-5.9,14.3,952.6500000000001,1584.5,52.900000000000006,1.093185,0.1275,110.45,0.0,80.0
2025-01-07 12:05:40,-5.0,-0.45,-5.45,14.4,952.7,1550.0,53.1,1.0931644999999999,0.126,110.4,0.0,80.0
2025-01-07 12:05:50,-4.4,-0.3,-4.75,14.4,953.35,1595.0,51.55,1.0931495,0.1275,110.5,0.0,80.0
2025-01-07 12:06:00,-4.3,-0.55,-4.85,14.4,953.4,1588.5,51.75,1.0931215,0.1275,110.45,0.0,80.0
2025-01-07 12:06:10,-4.25,-0.6499999999999999,-4.9,14.4,952.9,1552.0,52.8,1.0931305,0.126,110.5,0.0,80.0
2025-01-07 12:06:20,-4.0,-1.0,-4.95,14.4,952.6500000000001,1588.0,52.8,1.093112,0.1275,110.5,0.0,80.0
2025-01-07 12:06:30,-3.6,-1.65,-5.25,14.4,953.15,1588.5,52.3,1.093099,0.1275,110.5,0.0,80.0
2025-01-07 12:06:40,-3.25,-2.3,-5.5,14.5,953.55,1556.0,51.7,1.093079,0.126,110.5,0.0,80.0
2025-01-07 12:06:50,-2.9,-2.7,-5.6,14.5,953.25,1591.5,52.099999999999994,1.0930645,0.128,110.5,0.0,80.0
2025-01-07 12:07:00,-2.6500000000000004,-2.8499999999999996,-5.5,14.5,953.05,1587.5,52.6,1.0930559999999998,0.1275,110.4,0.0,80.0
2025-01-07 12:07:10,-2.25,-2.75,-5.0,14.5,953.2,1555.5,52.3,1.0929834999999999,0.126,110.5,0.0,80.0
2025-01-07 12:07:20,-0.75,-3.1,-3.8,14.5,953.35,1595.0,51.65,1.0929945,0.128,110.45,0.0,80.0
2025-01-07 12:07:30,0.65,-3.8499999999999996,-3.2,14.5,953.05,1591.0,52.400000000000006,1.0929820000000001,0.128,110.45,0.0,80.0
2025-01-07 12:07:40,1.0,-3.55,-2.55,14.5,952.4000000000001,1556.0,53.0,1.0929845,0.126,110.5,0.0,80.0
2025-01-07 12:07:50,1.2000000000000002,-3.3499999999999996,-2.15,14.6,952.3,1595.5,51.95,1.0929765,0.128,110.5,0.0,80.0
2025-01-07 12:08:00,2.0,-2.8499999999999996,-0.9,14.6,952.25,1594.5,51.9,1.0928465,0.128,110.5,0.0,80.0
2025-01-07 12:08:10,2.45,10.75,13.2,14.6,950.9,1548.5,55.0,1.0929250000000001,0.126,110.5,40.0,80.0
2025-01-07 12:08:20,2.15,1.75,3.95,14.6,950.45,1574.5,56.0,1.0928895,0.128,110.4,0.0,80.0
2025-01-07 12:08:30,1.95,2.5,4.449999999999999,14.6,950.7,1572.5,57.0,1.0928775000000002,0.128,110.4,0.0,80.0
2025-01-07 12:08:40,1.95,2.05,3.9499999999999997,14.6,950.25,1537.0,57.3,1.092856,0.126,110.5,0.0,80.0
2025-01-07 12:08:50,2.0,1.8,3.8,14.7,949.7,1568.0,57.25,1.0928455000000001,0.128,110.5,0.0,80.0
2025-01-07 12:09:00,2.1500000000000004,1.9,4.05,14.7,949.75,1566.5,58.150000000000006,1.0928155,0.128,110.5,0.0,80.0
2025-01-07 12:09:10,2.1500000000000004,1.7999999999999998,3.9499999999999997,14.7,950.1500000000001,1533.5,57.25,1.0927915,0.126,110.5,0.0,80.0
2025-01-07 12:09:20,1.9,1.65,3.5,14.7,950.3,1572.0,56.0,1.0927495,0.128,110.4,0.0,80.0
2025-01-07 12:09:30,1.4500000000000002,7.75,9.2,14.7,950.3,1570.0,57.15,1.0925935,0.128,110.5,0.0,80.0
2025-01-07 12:09:40,1.1,36.849999999999994,37.95,14.7,950.55,1541.5,56.7,1.0926915,0.126,110.5,0.0,80.0
2025-01-07 12:09:50,1.05,9.2,10.25,14.8,950.4000000000001,1579.0,56.95,1.092676,0.128,110.5,0.0,80.0
2025-01-07 12:10:00,1.8,9.9,11.75,14.8,950.6,1578.5,56.55,1.0926295000000001,0.128,110.5,0.0,80.0
2025-01-07 12:10:10,2.2,9.85,12.1,14.8,950.85,1545.0,56.15,1.0926415,0.126,110.5,0.0,80.0
2025-01-07 12:10:20,0.85,10.600000000000001,11.45,14.8,950.05,1573.0,56.9,1.0926255,0.128,110.5,0.0,80.0
2025-01-07 12:10:30,-0.4,11.5,11.15,14.8,950.05,1571.5,57.75,1.092601,0.128,110.5,0.0,80.0
2025-01-07 12:10:40,-0.55,11.5,10.95,14.8,950.4,1539.0,56.75,1.092607,0.126,110.45,0.0,80.0
2025-01-07 12:10:50,-0.4,11.7,11.3,14.9,950.4,1574.0,55.05,1.09259,0.128,110.5,0.0,80.0
2025-01-07 12:11:00,-0.55,11.95,11.350000000000001,14.9,950.2,1572.0,57.55,1.0924925,0.128,110.5,0.0,80.0
2025-01-07 12:11:10,-0.6499999999999999,11.95,11.25,14.9,950.3499999999999,1539.5,57.15,1.092564,0.126,110.5,0.0,80.0
2025-01-07 12:11:20,-0.4,11.75,11.350000000000001,14.9,950.55,1578.0,55.599999999999994,1.092539,0.128,110.5,0.0,80.0
2025-01-07 12:11:30,0.15,11.9,12.0,14.9,950.75,1576.5,56.0,1.0925135,0.128,110.45,0.0,80.0
2025-01-07 12:11:40,0.65,12.25,12.95,14.9,951.0,1552.0,54.3,1.092527,0.126,110.5,0.0,80.0
2025-01-07 12:11:50,1.2000000000000002,12.3,13.55,14.95,952.2,1594.5,51.55,1.0925064999999998,0.128,110.5,0.0,80.0
2025-01-07 12:12:00,1.1,12.0,13.05,15.0,952.05,1594.0,51.75,1.0924865000000001,0.128,110.45,0.0,80.0
2025-01-07 12:12:10,1.05,11.7,12.75,15.0,951.6500000000001,1554.5,53.2,1.0925064999999998,0.126,110.4,0.0,80.0
2025-01-07 12:12:20,1.45,12.45,13.95,15.0,951.8,1588.0,53.7,1.0924260000000001,0.128,110.45,0.0,80.0
2025-01-07 12:12:30,1.35,13.0,14.4,15.0,951.95,1584.5,53.15,1.0924495,0.128,110.5,0.0,80.0
2025-01-07 12:12:40,1.15,10.649999999999999,11.8,15.0,951.55,1551.5,53.45,1.0924235,0.126,110.5,0.0,80.0
2025-01-07 12:12:50,0.95,7.85,8.75,15.05,951.25,1590.5,53.650000000000006,1.092404,0.128,110.45,0.0,80.0
2025-01-07 12:13:00,0.5,7.8,8.3,15.1,950.8,1584.5,54.5,1.0923135,0.128,110.45,0.0,80.0
2025-01-07 12:13:10,0.15000000000000002,9.55,9.7,15.1,950.45,1550.5,55.150000000000006,1.0923349999999998,0.126,110.5,0.0,80.0
2025-01-07 12:13:20,0.44999999999999996,10.600000000000001,11.1,15.1,950.4,1582.5,55.5,1.092304,0.128,110.5,0.0,80.0
2025-01-07 12:13:30,1.05,11.1,12.15,15.1,950.2,1580.0,54.65,1.092293,0.128,110.5,0.0,80.0
2025-01-07 12:13:40,1.05,11.5,12.6,15.1,951.0999999999999,1547.5,53.599999999999994,1.092266,0.126,110.5,0.0,80.0
2025-01-07 12:13:50,1.0,11.3,12.25,15.1,951.05,1589.0,53.4,1.092248,0.128,110.45,0.0,80.0
2025-01-07 12:14:00,1.1,10.899999999999999,11.95,15.2,951.1500000000001,1589.0,53.599999999999994,1.0922290000000001,0.128,110.45,0.0,80.0
2025-01-07 12:14:10,1.05,9.4,10.4,15.2,951.2,1553.5,53.5,1.0922055,0.126,110.5,0.0,80.0
2025-01-07 12:14:20,1.15,7.3,8.45,15.2,951.3,1593.5,53.05,1.092197,0.128,110.5,0.0,80.0
2025-01-07 12:14:30,1.15,6.5,7.65,15.2,951.3,1588.0,53.45,1.092181,0.128,110.45,0.0,80.0
2025-01-07 12:14:40,0.7,6.55,7.300000000000001,15.2,951.25,1552.5,53.400000000000006,1.0921895,0.126,110.5,0.0,80.0
2025-01-07 12:14:50,0.35,6.9,7.25,15.2,950.75,1591.0,53.55,1.0921595000000002,0.128,110.5,0.0,80.0
2025-01-07 12:15:00,0.55,7.6,8.100000000000001,15.3,950.5,1587.0,53.45,1.0921395,0.128,110.5,0.0,80.0
2025-01-07 12:15:10,0.6,7.9,8.55,15.3,950.15,1556.5,53.8,1.0921385,0.126,110.5,0.0,80.0
2025-01-07 12:15:20,0.2,6.85,7.1,15.3,950.2,1597.0,53.650000000000006,1.092181,0.128,110.5,0.0,80.0
2025-01-07 12:15:30,0.65,5.1,5.800000000000001,15.3,950.4000000000001,1590.5,52.9,1.0921645,0.128,110.5,0.0,80.0
2025-01-07 12:15:40,1.15,4.3,5.45,15.3,951.3,1559.5,51.45,1.0921625,0.126,110.4,0.0,80.0
2025-01-07 12:15:50,1.3,4.5,5.800000000000001,15.3,951.15,1600.5,51.15,1.092125,0.128,110.5,0.0,80.0
2025-01-07 12:16:00,1.25,4.35,5.550000000000001,15.350000000000001,950.5,1598.5,51.55,1.0921265,0.128,110.45,0.0,80.0
2025-01-07 12:16:10,1.2999999999999998,2.8,4.1,15.4,950.5,1565.5,51.35,1.0921025,0.126,110.5,0.0,80.0
2025-01-07 12:16:20,1.75,1.35,3.0999999999999996,15.4,950.5,1601.0,50.95,1.0920480000000001,0.128,110.5,0.0,80.0
2025-01-07 12:16:30,1.75,1.35,3.1,15.4,950.5,1596.5,51.2,1.09205,0.128,110.5,0.0,80.0
2025-01-07 12:16:40,1.65,1.35,3.1,15.4,950.6,1564.5,51.15,1.092037,0.126,110.45,0.0,80.0
2025-01-07 12:16:50,1.35,1.9,3.25,15.4,950.55,1601.5,50.95,1.091987,0.128,110.45,0.0,80.0
2025-01-07 12:17:00,1.2,2.6500000000000004,3.8499999999999996,15.45,950.5,1599.5,51.3,1.091974,0.128,110.4,0.0,80.0
2025-01-07 12:17:10,1.25,2.75,4.05,15.5,950.55,1567.0,51.3,1.091983,0.126,110.5,0.0,80.0
2025-01-07 12:17:20,0.9500000000000001,3.05,4.05,15.5,950.05,1598.5,51.45,1.091971,0.128,110.5,0.0,80.0
2025-01-07 12:17:30,0.6499999999999999,3.25,3.9,15.5,949.5,1589.5,52.45,1.091964,0.128,110.5,0.0,80.0
2025-01-07 12:17:40,0.6499999999999999,3.05,3.6500000000000004,15.5,949.05,1562.5,52.45,1.091962,0.126,110.45,0.0,80.0
2025-01-07 12:17:50,0.6,2.8499999999999996,3.4,15.5,948.6500000000001,1601.5,52.3,1.0919415,0.128,110.5,0.0,80.0
2025-01-07 12:18:00,0.45,2.6,3.05,15.5,948.1,1594.0,52.35,1.0919215,0.128,110.45,0.0,80.0
2025-01-07 12:18:10,0.15000000000000002,2.5,2.7,15.55,947.95,1563.5,52.6,1.0918785,0.126,110.5,0.0,80.0
2025-01-07 12:18:20,0.1,2.5,2.55,15.6,948.0,1597.0,52.15,1.091839,0.128,110.5,0.0,80.0
2025-01-07 12:18:30,-0.05,2.75,2.7,15.6,947.8,1590.0,52.45,1.0918105,0.128,110.5,0.0,80.0
2025-01-07 12:18:40,-0.25,2.6500000000000004,2.4000000000000004,15.6,947.4000000000001,1560.5,53.15,1.0917935,0.126,110.5,0.0,80.0
2025-01-07 12:18:50,-0.6,2.5,1.9500000000000002,15.6,947.6,1593.5,52.65,1.091769,0.128,110.5,0.0,80.0
2025-01-07 12:19:00,-0.4,2.15,1.8,15.6,947.75,1586.0,52.900000000000006,1.0916899999999998,0.128,110.5,0.0,80.0
2025-01-07 12:19:10,0.55,1.75,2.3,15.649999999999999,947.9000000000001,1556.5,52.8,1.0917535,0.126,110.5,0.0,80.0
2025-01-07 12:19:20,0.95,2.25,3.25,15.7,948.65,1589.0,53.55,1.0917165,0.128,110.5,0.0,80.0
2025-01-07 12:19:30,1.05,2.25,3.3,15.7,949.85,1587.0,53.55,1.091609,0.1285,110.45,40.0,80.0
2025-01-07 12:19:40,1.5499999999999998,2.8499999999999996,4.4,15.7,951.35,1546.5,52.35,1.091695,0.1265,110.5,40.0,80.0
2025-01-07 12:19:50,1.95,4.15,6.15,15.7,951.95,1586.5,52.15,1.0916365,0.128,110.5,0.0,80.0
2025-01-07 12:20:00,1.5499999999999998,3.9,5.449999999999999,15.7,952.6500000000001,1587.5,52.150000000000006,1.09159,0.128,110.5,0.0,80.0
2025-01-07 12:20:10,1.35,3.3,4.65,15.7,952.3,1547.5,52.5,1.09159,0.126,110.5,0.0,80.0
2025-01-07 12:20:20,1.7000000000000002,3.1500000000000004,4.85,15.8,952.1500000000001,1587.0,52.75,1.091567,0.128,110.5,0.0,80.0
2025-01-07 12:20:30,1.65,3.05,4.7,15.8,952.6,1588.0,52.05,1.09154,0.128,110.4,0.0,80.0
2025-01-07 12:20:40,1.35,3.35,4.699999999999999,15.8,952.2,1553.5,53.150000000000006,1.0915219999999999,0.126,110.5,0.0,80.0
2025-01-07 12:20:50,1.35,3.25,4.6,15.8,952.1500000000001,1590.0,53.099999999999994,1.0915065,0.128,110.5,0.0,80.0
2025-01-07 12:21:00,1.55,2.95,4.5,15.8,952.2,1586.5,52.599999999999994,1.0914825,0.128,110.5,0.0,80.0
2025-01-07 12:21:10,1.65,3.0,4.6,15.850000000000001,952.1,1550.0,53.25,1.091472,0.126,110.5,0.0,80.0
2025-01-07 12:21:20,1.8,3.45,5.199999999999999,15.9,952.05,1589.5,53.15,1.0914445,0.128,110.5,0.0,80.0
2025-01-07 12:21:30,1.8,3.8,5.55,15.9,951.5,1581.5,53.400000000000006,1.0914290000000002,0.128,110.5,0.0,80.0
2025-01-07 12:21:40,1.9,3.8,5.65,15.9,951.8499999999999,1550.0,53.7,1.0914074999999999,0.126,110.5,0.0,80.0
2025-01-07 12:21:50,2.2,3.35,5.6,15.9,952.0,1587.0,52.8,1.0913884999999999,0.128,110.5,0.0,80.0
2025-01-07 12:22:00,2.1500000000000004,3.25,5.4,15.9,952.25,1587.0,52.75,1.0913490000000001,0.128,110.5,0.0,80.0
2025-01-07 12:22:10,1.25,3.6500000000000004,4.95,15.9,952.25,1554.5,52.349999999999994,1.0913265,0.126,110.5,0.0,80.0
2025-01-07 12:22:20,0.30000000000000004,3.0999999999999996,3.4000000000000004,15.95,952.4,1594.5,52.05,1.09131,0.128,110.5,0.0,80.0
2025-01-07 12:22:30,0.15000000000000002,2.6,2.8,16.0,952.7,1593.0,51.8,1.091229,0.128,110.5,0.0,80.0
2025-01-07 12:22:40,-0.05,2.25,2.0999999999999996,16.0,952.9,1560.0,51.599999999999994,1.091292,0.126,110.5,0.0,80.0
2025-01-07 12:22:50,-0.2,1.5499999999999998,1.35,16.0,953.1,1600.0,51.0,1.091281,0.128,110.5,0.0,80.0
2025-01-07 12:23:00,0.05,1.3,1.35,16.0,953.1500000000001,1594.5,51.2,1.091254,0.128,110.5,0.0,80.0
2025-01-07 12:23:10,0.2,1.25,1.45,16.0,953.05,1558.0,51.35,1.0912510000000002,0.126,110.5,0.0,80.0
2025-01-07 12:23:20,0.1,1.3,1.4,16.1,953.05,1596.5,50.9,1.091218,0.1285,110.5,0.0,80.0
2025-01-07 12:23:30,0.25,1.5,1.75,16.1,953.0,1594.0,51.0,1.091179,0.128,110.5,0.0,80.0
2025-01-07 12:23:40,0.45,1.4,1.9,16.1,953.1,1561.0,51.099999999999994,1.091175,0.126,110.45,0.0,80.0
2025-01-07 12:23:50,0.05,1.75,1.85,16.1,953.0,1598.5,50.849999999999994,1.0911525,0.128,110.5,0.0,80.0
2025-01-07 12:24:00,-0.25,2.1,1.85,16.1,952.95,1594.5,51.099999999999994,1.091125,0.128,110.5,0.0,80.0
2025-01-07 12:24:10,-0.25,2.1500000000000004,1.85,16.1,952.95,1561.0,51.25,1.0911235000000001,0.126,110.5,0.0,80.0
2025-01-07 12:24:20,-0.1,1.95,1.85,16.15,952.9,1599.0,50.95,1.091107,0.128,110.5,0.0,80.0
2025-01-07 12:24:30,-0.1,1.55,1.45,16.2,953.0,1596.0,51.099999999999994,1.0910855000000002,0.128,110.5,0.0,80.0
2025-01-07 12:24:40,-0.1,1.4,1.25,16.2,953.1,1560.0,51.15,1.0910735,0.1265,110.5,0.0,80.0
2025-01-07 12:24:50,0.0,1.55,1.55,16.2,953.0,1599.5,50.95,1.091043,0.128,110.5,0.0,80.0
2025-01-07 12:25:00,-0.30000000000000004,1.7,1.4,16.2,952.95,1593.5,51.3,1.0910164999999998,0.128,110.5,0.0,80.0
2025-01-07 12:25:10,-0.5,1.75,1.25,16.2,953.05,1562.5,51.099999999999994,1.0910199999999999,0.126,110.5,0.0,80.0
2025-01-07 12:25:20,-0.55,2.05,1.45,16.2,953.0,1599.5,50.75,1.0910055,0.128,110.5,0.0,80.0
2025-01-07 12:25:30,-0.8500000000000001,2.1,1.3,16.3,952.9,1596.0,51.2,1.090981,0.128,110.5,0.0,80.0
2025-01-07 12:25:40,-1.1,1.4,0.3,16.3,952.9,1562.0,51.3,1.0909805000000001,0.126,110.5,0.0,80.0
2025-01-07 12:25:50,-1.15,0.44999999999999996,-0.7,16.3,952.8499999999999,1599.0,51.0,1.090957,0.1285,110.5,0.0,80.0
2025-01-07 12:26:00,-1.25,0.30000000000000004,-0.95,16.3,952.8,1595.0,51.35,1.0909415,0.1285,110.5,0.0,80.0
2025-01-07 12:26:10,-1.45,0.5,-0.95,16.3,952.9,1561.5,51.05,1.090944,0.1265,110.5,0.0,80.0
2025-01-07 12:26:20,-1.7000000000000002,0.5,-1.2000000000000002,16.3,953.0,1601.0,50.9,1.0909285,0.1285,110.5,0.0,80.0
2025-01-07 12:26:30,-1.85,0.35,-1.5,16.35,952.95,1596.0,51.15,1.0909035,0.1285,110.5,0.0,80.0
2025-01-07 12:26:40,-1.75,0.0,-1.75,16.4,952.9,1562.5,51.3,1.0908935,0.1265,110.5,0.0,80.0
2025-01-07 12:26:50,-1.1,-0.55,-1.65,16.4,953.0,1598.5,50.9,1.0908815,0.1285,110.5,0.0,80.0
2025-01-07 12:27:00,-0.6,-0.8500000000000001,-1.4500000000000002,16.4,952.95,1594.0,51.3,1.090851,0.128,110.5,0.0,80.0
2025-01-07 12:27:10,-0.55,-0.6499999999999999,-1.2,16.4,952.9,1563.5,51.55,1.09084,0.1265,110.45,0.0,80.0
2025-01-07 12:27:20,-0.6,-0.55,-1.15,16.4,953.05,1599.5,51.05,1.09082,0.1285,110.5,0.0,80.0
2025-01-07 12:27:30,-0.45,-0.4,-0.9,16.45,952.95,1594.0,51.45,1.090802,0.1285,110.5,0.0,80.0
2025-01-07 12:27:40,-0.2,-0.6,-0.8,16.5,952.8499999999999,1563.0,51.599999999999994,1.0907555,0.127,110.5,0.0,80.0
2025-01-07 12:27:50,0.3,0.2,0.5,16.5,952.75,1598.0,51.4,1.0906444999999998,0.1285,110.5,0.0,80.0
2025-01-07 12:28:00,1.2,31.349999999999998,32.599999999999994,16.5,952.6,1596.0,52.05,1.0905464999999999,0.1285,110.5,0.0,80.0
2025-01-07 12:28:10,1.8,67.05,68.75,16.5,952.6,1563.5,51.95,1.090695,0.127,110.5,0.0,80.0
2025-01-07 12:28:20,1.8,117.94999999999999,119.75,16.5,952.5,1599.5,51.900000000000006,1.0903,0.1285,110.5,0.0,80.0
2025-01-07 12:28:30,1.95,172.05,173.95,16.5,952.8499999999999,1598.0,51.35,1.0906150000000001,0.1285,110.5,0.0,80.0
2025-01-07 12:28:40,2.1,97.7,99.8,16.6,953.05,1567.0,51.2,1.0906325,0.127,110.5,0.0,80.0
2025-01-07 12:28:50,2.05,45.15,47.2,16.6,952.85,1602.5,51.15,1.0905909999999999,0.1285,110.5,0.0,80.0
2025-01-07 12:29:00,2.0,32.05,34.05,16.6,952.4,1594.5,52.5,1.0904859999999998,0.1285,110.5,0.0,80.0
2025-01-07 12:29:10,2.05,34.55,36.6,16.6,952.6500000000001,1563.5,51.9,1.0905905,0.127,110.5,0.0,80.0
2025-01-07 12:29:20,2.2,37.8,40.05,16.6,953.0,1603.5,50.95,1.090478,0.1285,110.5,0.0,80.0
2025-01-07 12:29:30,2.05,40.2,42.25,16.6,953.05,1599.5,51.2,1.090541,0.1285,110.5,0.0,80.0
2025-01-07 12:29:40,1.95,29.25,31.299999999999997,16.7,953.1,1564.5,51.25,1.0905529999999999,0.127,110.5,0.0,80.0
2025-01-07 12:29:50,2.1,41.2,43.3,16.7,953.0,1604.0,50.95,1.0905005,0.1285,110.5,0.0,80.0
2025-01-07 12:30:00,2.0,42.099999999999994,44.15,16.7,952.95,1598.0,51.25,1.0904755000000002,0.1285,110.5,0.0,80.0
2025-01-07 12:30:10,2.3,42.75,45.05,16.7,952.8,1564.0,51.65,1.09043,0.127,110.5,0.0,80.0
2025-01-07 12:30:20,3.6,364.7,368.3,16.7,952.75,1600.5,51.4,1.087513,0.1285,110.5,0.0,80.0
2025-01-07 12:30:30,4.1,1034.35,1038.4499999999998,16.7,953.0,1601.5,51.35,1.0903835,0.1285,110.5,0.0,80.0
2025-01-07 12:30:40,3.7,1045.05,1048.65,16.75,952.9,1565.0,51.650000000000006,1.0903930000000002,0.127,110.5,0.0,80.0
2025-01-07 12:30:50,3.3,298.65,301.9,16.8,952.7,1605.5,51.7,1.0903800000000001,0.1285,110.5,0.0,80.0
2025-01-07 12:31:00,2.8,-90.05,-87.25,16.8,952.3,1592.5,52.7,1.0902349999999998,0.1285,110.5,0.0,80.0
2025-01-07 12:31:10,2.6,1.5500000000000007,4.149999999999999,16.8,952.55,1561.5,52.25,1.0903144999999999,0.127,110.5,0.0,80.0
2025-01-07 12:31:20,2.95,45.15,48.1,16.8,952.7,1599.5,52.0,1.0902855,0.1285,110.5,0.0,80.0
2025-01-07 12:31:30,3.4,33.65,37.05,16.8,953.2,1599.5,51.25,1.0903135000000002,0.1285,110.5,0.0,80.0
2025-01-07 12:31:40,3.3499999999999996,13.05,16.4,16.8,952.9,1567.0,51.8,1.090331,0.127,110.5,0.0,80.0
2025-01-07 12:31:50,3.2,5.4,8.600000000000001,16.85,952.5,1599.5,52.150000000000006,1.0903005,0.1285,110.5,0.0,80.0
2025-01-07 12:32:00,3.3499999999999996,3.0999999999999996,6.5,16.9,952.3499999999999,1594.5,52.7,1.0902465000000001,0.1285,110.5,0.0,80.0
2025-01-07 12:32:10,3.8499999999999996,-3.05,0.8,16.9,952.95,1563.0,51.8,1.0902825,0.127,110.5,0.0,80.0
2025-01-07 12:32:20,4.05,-2.3,1.75,16.9,952.95,1601.0,51.45,1.090263,0.1285,110.5,0.0,80.0
2025-01-07 12:32:30,4.0,16.7,20.7,16.9,952.55,1594.5,52.25,1.089921,0.1285,110.5,0.0,80.0
2025-01-07 12:32:40,3.8499999999999996,111.35000000000001,115.19999999999999,16.9,952.6,1563.5,52.05,1.0901865000000002,0.127,110.5,0.0,80.0
2025-01-07 12:32:50,3.9499999999999997,132.35,136.25,16.95,952.6500000000001,1601.5,51.900000000000006,1.0900975000000002,0.1285,110.5,0.0,80.0
2025-01-07 12:33:00,4.25,88.15,92.4,17.0,952.75,1598.5,51.849999999999994,1.0901235,0.1285,110.5,0.0,80.0
2025-01-07 12:33:10,3.9000000000000004,19.3,23.25,17.0,952.7,1563.0,51.7,1.0900745,0.127,110.5,0.0,80.0
2025-01-07 12:33:20,2.7,93.3,95.94999999999999,17.0,952.4,1601.0,51.95,1.089251,0.1285,110.5,0.0,80.0
2025-01-07 12:33:30,2.4,286.4,288.8,17.0,952.35,1595.0,52.45,1.0898409999999998,0.1285,110.5,0.0,80.0
2025-01-07 12:33:40,2.8499999999999996,202.85,205.7,17.0,952.8,1564.5,51.349999999999994,1.0900105,0.127,110.5,0.0,80.0
2025-01-07 12:33:50,3.05,144.89999999999998,147.95,17.0,952.8499999999999,1605.0,51.05,1.089982,0.1285,110.5,0.0,80.0
2025-01-07 12:34:00,2.8499999999999996,13.65,16.5,17.05,952.8499999999999,1599.5,51.3,1.089952,0.1285,110.5,0.0,80.0
2025-01-07 12:34:10,2.7,-2.75,-0.04999999999999999,17.1,952.6,1565.5,51.45,1.0899510000000001,0.127,110.5,0.0,80.0
2025-01-07 12:34:20,2.5,70.69999999999999,73.2,17.1,952.5,1602.0,51.45,1.0896815,0.1285,110.5,0.0,80.0
2025-01-07 12:34:30,2.1500000000000004,71.0,73.2,17.1,952.3499999999999,1598.5,52.400000000000006,1.089797,0.1285,110.5,0.0,80.0
2025-01-07 12:34:40,2.5999999999999996,69.75,72.35,17.1,952.05,1565.5,52.2,1.0898400000000001,0.127,110.5,0.0,80.0
2025-01-07 12:34:50,3.2,78.6,81.80000000000001,17.1,952.2,1604.5,51.7,1.08969,0.1285,110.5,0.0,80.0
2025-01-07 12:35:00,3.3,65.0,68.30000000000001,17.1,952.2,1601.5,51.75,1.0897805,0.1285,110.5,0.0,80.0
2025-01-07 12:35:10,3.1500000000000004,42.45,45.55,17.2,952.55,1568.5,51.25,1.0897925000000002,0.127,110.5,0.0,80.0
2025-01-07 12:35:20,3.3,10.25,13.5,17.2,952.55,1606.0,51.0,1.089762,0.1285,110.5,0.0,80.0
2025-01-07 12:35:30,3.6,-4.25,-0.6499999999999999,17.2,952.5,1601.0,51.25,1.0897424999999998,0.1285,110.5,0.0,80.0
2025-01-07 12:35:40,3.9,-2.95,0.95,17.2,952.55,1567.0,51.3,1.0897385,0.127,110.5,0.0,80.0
2025-01-07 12:35:50,3.8,-4.45,-0.6,17.2,952.55,1603.0,50.95,1.089729,0.1285,110.5,0.0,80.0
2025-01-07 12:36:00,4.05,14.350000000000001,18.400000000000002,17.2,952.4,1598.0,51.5,1.0891255000000002,0.1285,110.5,0.0,80.0
2025-01-07 12:36:10,4.75,116.05,120.8,17.25,952.1500000000001,1564.0,52.099999999999994,1.0896255,0.127,110.5,0.0,80.0
2025-01-07 12:36:20,5.0,214.8,219.7,17.3,951.9000000000001,1601.5,52.650000000000006,1.0894965,0.1285,110.5,0.0,80.0
2025-01-07 12:36:30,4.800000000000001,63.050000000000004,67.85,17.3,951.95,1599.5,52.35,1.0894845,0.1285,110.5,0.0,80.0
2025-01-07 12:36:40,4.45,51.0,55.45,17.3,952.0,1565.5,52.45,1.089555,0.127,110.5,0.0,80.0
2025-01-07 12:36:50,4.4,51.099999999999994,55.5,17.3,952.1,1603.5,51.95,1.0895540000000001,0.1285,110.5,0.0,80.0
2025-01-07 12:37:00,4.699999999999999,13.0,17.65,17.3,952.5,1603.0,51.650000000000006,1.0895480000000002,0.1285,110.5,0.0,80.0
2025-01-07 12:37:10,4.7,-5.9,-1.1999999999999997,17.3,952.3,1567.5,51.85,1.089518,0.127,110.5,0.0,80.0
2025-01-07 12:37:20,4.949999999999999,-8.45,-3.5,17.4,952.4,1604.5,51.45,1.0894940000000002,0.1285,110.5,0.0,80.0
2025-01-07 12:37:30,5.300000000000001,-6.6,-1.3,17.4,952.3499999999999,1600.5,51.6,1.0894404999999998,0.1285,110.5,0.0,80.0
2025-01-07 12:37:40,4.9,17.55,22.5,17.4,952.45,1568.5,51.45,1.0894309999999998,0.127,110.5,0.0,80.0
2025-01-07 12:37:50,4.05,37.4,41.45,17.4,952.35,1608.0,51.7,1.089423,0.1285,110.5,0.0,80.0
2025-01-07 12:38:00,3.55,34.05,37.55,17.4,952.6500000000001,1600.0,51.5,1.0894059999999999,0.1285,110.5,0.0,80.0
2025-01-07 12:38:10,2.75,32.4,35.15,17.4,952.7,1569.0,51.4,1.089381,0.127,110.5,0.0,80.0
2025-01-07 12:38:20,1.85,32.75,34.6,17.4,952.55,1605.5,51.25,1.0893644999999998,0.1285,110.5,0.0,80.0
2025-01-07 12:38:30,1.45,33.2,34.650000000000006,17.5,952.4,1600.5,51.4,1.0893655,0.1285,110.5,0.0,80.0
2025-01-07 12:38:40,1.2000000000000002,33.650000000000006,34.8,17.5,952.4,1568.0,51.650000000000006,1.0893614999999999,0.127,110.5,0.0,80.0
2025-01-07 12:38:50,0.8500000000000001,33.9,34.8,17.5,952.5,1603.5,51.25,1.0893359999999999,0.1285,110.5,0.0,80.0
2025-01-07 12:39:00,0.04999999999999999,32.15,32.2,17.5,952.4,1599.5,51.599999999999994,1.0893235,0.1285,110.5,0.0,80.0
2025-01-07 12:39:10,-1.0,21.5,20.5,17.5,952.6500000000001,1567.5,51.3,1.089283,0.127,110.5,0.0,80.0
2025-01-07 12:39:20,-1.35,8.6,7.25,17.5,952.7,1604.5,51.05,1.0892585000000001,0.1285,110.5,0.0,80.0
2025-01-07 12:39:30,-1.2000000000000002,3.25,2.05,17.55,952.6,1602.0,51.400000000000006,1.0892295,0.1285,110.5,0.0,80.0
2025-01-07 12:39:40,-0.8500000000000001,0.39999999999999997,-0.44999999999999996,17.6,952.6,1567.0,51.35,1.0892225,0.127,110.5,0.0,80.0
2025-01-07 12:39:50,-0.75,-1.35,-2.15,17.6,952.6,1604.0,51.2,1.089188,0.1285,110.5,0.0,80.0
2025-01-07 12:40:00,-0.9,-1.4,-2.3,17.6,952.6,1599.5,51.35,1.089135,0.1285,110.5,0.0,80.0
2025-01-07 12:40:10,-0.75,-1.25,-1.95,17.6,952.7,1567.0,51.35,1.089133,0.127,110.5,0.0,80.0
2025-01-07 12:40:20,-0.9500000000000001,-0.75,-1.75,17.6,952.7,1604.0,51.05,1.0891104999999999,0.1285,110.5,0.0,80.0
2025-01-07 12:40:30,-1.4,-0.6,-2.05,17.6,952.7,1600.0,51.35,1.0890745,0.1285,110.5,0.0,80.0
2025-01-07 12:40:40,-1.5499999999999998,-0.7,-2.25,17.65,952.7,1568.0,51.3,1.0890495,0.127,110.5,0.0,80.0
2025-01-07 12:40:50,-1.05,-0.8500000000000001,-1.9500000000000002,17.7,952.6500000000001,1605.5,51.150000000000006,1.0890355,0.1285,110.5,0.0,80.0
2025-01-07 12:41:00,-0.44999999999999996,-0.9,-1.35,17.7,952.6,1600.5,51.400000000000006,1.0889980000000001,0.129,110.5,0.0,80.0
2025-01-07 12:41:10,0.2,-0.8500000000000001,-0.65,17.7,952.55,1570.0,51.349999999999994,1.088972,0.127,110.5,0.0,80.0
2025-01-07 12:41:20,1.1,-1.2000000000000002,-0.05,17.7,952.6,1607.5,51.0,1.0889514999999999,0.1285,110.5,0.0,80.0
2025-01-07 12:41:30,1.75,-1.6,0.15000000000000002,17.7,952.7,1601.5,51.15,1.0889265,0.129,110.5,0.0,80.0
2025-01-07 12:41:40,2.2,-2.0,0.25,17.7,952.7,1568.0,51.2,1.088896,0.127,110.5,0.0,80.0
2025-01-07 12:41:50,2.75,-2.55,0.2,17.75,952.6,1605.5,50.849999999999994,1.088878,0.128,110.5,0.0,80.0
2025-01-07 12:42:00,3.5,-3.05,0.5,17.8,952.6500000000001,1603.0,51.099999999999994,1.0888195,0.1285,110.5,0.0,80.0
